-- User Table
create table
  public."User" (
    id bigint generated by default as identity,
    created_at timestamp with time zone not null default now(),
    username text not null,
    password text not null,
    first_name text not null default ''::text,
    last_name text not null default ''::text,
    constraint User_pkey primary key (id),
    constraint User_username_key unique (username)
  ) tablespace pg_default;

-- Posts Table
create table
  public."Posts" (
    post_id bigint generated by default as identity,
    date timestamp with time zone not null default now(),
    user_id bigint null,
    post text not null,
    likes integer null default 0,
    dislikes integer null default 0,
    constraint Post_pkey primary key (post_id)
  ) tablespace pg_default;

-- Followers Table
create table
  public."Followers" (
    id bigint generated by default as identity,
    created_at timestamp with time zone not null default now(),
    user_id bigint not null,
    follower_id integer not null,
    constraint Followers_pkey primary key (id),
    constraint Followers_user_id_fkey foreign key (user_id) references "User" (id)
  ) tablespace pg_default;

-- Comments Table
create table
  public."Comments" (
    id bigint generated by default as identity,
    date timestamp with time zone not null default now(),
    user_id bigint not null,
    post_id bigint null,
    content text not null,
    constraint Comment_pkey primary key (id),
    constraint Comment_post_id_fkey foreign key (post_id) references "Posts" (post_id),
    constraint Comments_user_id_fkey foreign key (user_id) references "User" (id)
  ) tablespace pg_default;

-- Pre-Populated Data

INSERT INTO "public"."Posts" ("post_id", "date", "user_id", "post", "likes", "dislikes") VALUES
	(19, '2024-05-11 00:17:36.814565+00', 2, 'What a cool app!', 0, 0),
	(21, '2024-05-13 23:52:03.206547+00', 3, 'testing fefactor', 0, 0),
	(24, '2024-05-14 03:59:03.031069+00', 4, 'blah', 0, 0),
	(25, '2024-05-14 04:21:07.731504+00', 8, 'Hello everyone! I''m Holly and I am looking for the one.', 0, 0),
	(20, '2024-05-14 05:18:58.997349+00', 6, 'Hello world!', 0, 0),
	(26, '2024-05-14 05:39:19.597509+00', 4, 'I love testing apis.', 0, 0),
	(27, '2024-05-14 05:41:02.403248+00', 1, 'test account', 0, 0),
	(28, '2024-05-14 05:41:20.992622+00', 3, 'test account', 0, 0),
	(29, '2024-05-14 05:41:22.792069+00', 3, 'test account', 0, 0),
	(30, '2024-05-14 05:41:23.41664+00', 3, 'test account', 0, 0),
	(31, '2024-05-14 06:18:14.813738+00', 1, 'not nice', 0, 0);


--
-- Data for Name: User; Type: TABLE DATA; Schema: public; Owner: postgres
--

INSERT INTO "public"."User" ("id", "created_at", "username", "password", "first_name", "last_name") VALUES
	(1, '2024-05-03 17:46:46.108805+00', 'jesus', 'password', 'jesus', 'avalos'),
	(3, '2024-05-05 19:55:45.402394+00', 'noah', 'test', 'noah', 'giboney'),
	(4, '2024-05-10 00:29:18.828917+00', 'jesus1', 'pass', 'Jesus', 'Jesus'),
	(5, '2024-05-10 02:03:38.419668+00', 'jesus2', 'pass', 'dw', 'dw'),
	(6, '2024-05-11 01:27:38.974311+00', 'aidan', '1234', 'aidan', 'meese'),
	(7, '2024-05-14 03:03:50.389641+00', 'polly_cool', 'pass', 'Polly', 'P'),
	(8, '2024-05-14 04:17:59.022151+00', 'hoe_lee', 'smith24', 'Holly', 'Smith');


--
-- Data for Name: Comments; Type: TABLE DATA; Schema: public; Owner: postgres
--

INSERT INTO "public"."Comments" ("id", "date", "user_id", "post_id", "content") VALUES
	(6, '2024-05-13 23:44:37.597826+00', 3, 20, 'test comment factor'),
	(8, '2024-05-13 23:52:48.223269+00', 3, 21, 'test2'),
	(9, '2024-05-14 04:26:56.57013+00', 6, 25, 'Hello Holly!'),
	(10, '2024-05-14 04:28:05.576349+00', 8, 25, 'Hello!');
